{"0": {"Bukubukuchagama#6570": {"0": 0, "1": 0}}, "1": {"Bukubukuchagama#6570": {"0": 53.05128598213196, "1": 56.10742902755737}}}